{"test/loss": 1.4852784872055054, "_timestamp": 1663893854.759666, "_runtime": 6.632561922073364, "_step": 20, "_wandb": {"runtime": 6}}