{"test/loss": 40.00238800048828, "_timestamp": 1664039963.2879388, "_runtime": 4.970533847808838, "_step": 0, "_wandb": {"runtime": 4}}