{"test/loss": 40.00238800048828, "_timestamp": 1664133809.0195558, "_runtime": 5.08766770362854, "_step": 0, "_wandb": {"runtime": 4}}