{"test/loss": 40.00238800048828, "_timestamp": 1664047276.7667735, "_runtime": 5.266065359115601, "_step": 0, "_wandb": {"runtime": 4}}