{"test/loss": 40.00238800048828, "_timestamp": 1664042963.3476272, "_runtime": 5.143978118896484, "_step": 0, "_wandb": {"runtime": 4}}