{"test/loss": 40.00238800048828, "_timestamp": 1664045750.4728267, "_runtime": 5.227351665496826, "_step": 0, "_wandb": {"runtime": 4}}