{"validation/loss": 0.6332747936248779, "_timestamp": 1663973853.5370069, "_runtime": 6.493361949920654, "_step": 5, "train/loss": 0.13765546679496765, "_wandb": {"runtime": 6}}