{"test/loss": 40.00238800048828, "_timestamp": 1664040865.0877292, "_runtime": 5.204038143157959, "_step": 0, "_wandb": {"runtime": 4}}