{"validation/loss": 0.6999751329421997, "_timestamp": 1663968046.011984, "_runtime": 6.5909881591796875, "_step": 5, "train/loss": 0.23605138063430786, "_wandb": {"runtime": 6}}