{"test/loss": 40.00238800048828, "_timestamp": 1664046513.2018304, "_runtime": 5.085662364959717, "_step": 0, "_wandb": {"runtime": 4}}