{"validation/loss": 1.4035162925720215, "_timestamp": 1663636400.3027742, "_runtime": 5.385002136230469, "_step": 3, "train/loss": 1.4406846761703491, "_wandb": {"runtime": 5}}