{"validation/loss": 0.795646607875824, "_timestamp": 1663809709.0151408, "_runtime": 5.685876846313477, "_step": 3, "train/loss": 1.6695852279663086, "_wandb": {"runtime": 5}}