{"test/loss": 40.00238800048828, "_timestamp": 1664047918.5704637, "_runtime": 5.294684648513794, "_step": 0, "_wandb": {"runtime": 4}}