{"test/loss": 40.00238800048828, "_timestamp": 1664042850.420984, "_runtime": 4.995862007141113, "_step": 0, "_wandb": {"runtime": 4}}