{"test/loss": 40.00238800048828, "_timestamp": 1664047670.5078259, "_runtime": 5.301210880279541, "_step": 0, "_wandb": {"runtime": 5}}