{"test/loss": 40.00238800048828, "_timestamp": 1664044166.3185182, "_runtime": 5.112349271774292, "_step": 0, "_wandb": {"runtime": 4}}