{"test/loss": 40.00238800048828, "_timestamp": 1664043906.2905, "_runtime": 5.437011003494263, "_step": 0, "_wandb": {"runtime": 5}}