{"test/loss": 40.00238800048828, "_timestamp": 1664044627.8549724, "_runtime": 4.93735146522522, "_step": 0, "_wandb": {"runtime": 4}}