{"test/loss": 40.00238800048828, "_timestamp": 1664039732.7172608, "_runtime": 4.965463876724243, "_step": 0, "_wandb": {"runtime": 4}}