{"validation/loss": 0.734446108341217, "_timestamp": 1663950247.662656, "_runtime": 21.714595079421997, "_step": 57, "train/loss": 0.03593142330646515, "_wandb": {"runtime": 21}}