{"test/loss": 40.00238800048828, "_timestamp": 1664049747.8753636, "_runtime": 5.258816480636597, "_step": 0, "_wandb": {"runtime": 4}}