{"test/loss": 40.00238800048828, "_timestamp": 1664046855.942755, "_runtime": 5.7061309814453125, "_step": 0, "_wandb": {"runtime": 5}}