{"test/loss": 40.00238800048828, "_timestamp": 1664044679.6904116, "_runtime": 5.360363483428955, "_step": 0, "_wandb": {"runtime": 5}}