{"validation/loss": 0.7745516300201416, "_timestamp": 1663960583.4279628, "_runtime": 6.4872448444366455, "_step": 5, "train/loss": 0.18808484077453613, "_wandb": {"runtime": 6}}