{"test/loss": 40.00238800048828, "_timestamp": 1664039523.6771364, "_runtime": 5.027635335922241, "_step": 0, "_wandb": {"runtime": 4}}