{"test/loss": 40.00238800048828, "_timestamp": 1664046438.7243664, "_runtime": 4.997500419616699, "_step": 0, "_wandb": {"runtime": 4}}