{"test/loss": 40.00238800048828, "_timestamp": 1664040797.1037295, "_runtime": 4.9116973876953125, "_step": 0, "_wandb": {"runtime": 4}}