{"validation/loss": 1.2495903968811035, "_timestamp": 1663966821.002835, "_runtime": 6.266683101654053, "_step": 5, "train/loss": 0.21608248353004456, "_wandb": {"runtime": 6}}