{"test/loss": 40.00238800048828, "_timestamp": 1664039578.307351, "_runtime": 4.973161220550537, "_step": 0, "_wandb": {"runtime": 4}}