{"test/loss": 40.00238800048828, "_timestamp": 1664040628.6680691, "_runtime": 5.133013010025024, "_step": 0, "_wandb": {"runtime": 4}}