{"test/loss": 40.00238800048828, "_timestamp": 1664047881.1991978, "_runtime": 5.398587703704834, "_step": 0, "_wandb": {"runtime": 5}}