{"test/loss": 40.00238800048828, "_timestamp": 1664040594.598267, "_runtime": 5.005357980728149, "_step": 0, "_wandb": {"runtime": 4}}