{"test/loss": 17.890310287475586, "_timestamp": 1664038127.0610144, "_runtime": 6.733988523483276, "_step": 20, "_wandb": {"runtime": 6}}