{"test/loss": 40.00238800048828, "_timestamp": 1664047986.8410027, "_runtime": 5.387835741043091, "_step": 0, "_wandb": {"runtime": 5}}