{"validation/loss": 0.7551259994506836, "_timestamp": 1663961613.3752227, "_runtime": 6.395525693893433, "_step": 5, "train/loss": 0.40091073513031006, "_wandb": {"runtime": 6}}