{"validation/loss": 0.7402947545051575, "_timestamp": 1663631044, "_runtime": 5, "_step": 3, "train/loss": 0.9147147536277771, "_wandb": {"runtime": 7}}