{"test/loss": 40.00238800048828, "_timestamp": 1664047477.5352476, "_runtime": 5.08387565612793, "_step": 0, "_wandb": {"runtime": 4}}