{"test/loss": 40.00238800048828, "_timestamp": 1664060267.9297104, "_runtime": 5.416182279586792, "_step": 0, "_wandb": {"runtime": 5}}