{"test/loss": 40.00238800048828, "_timestamp": 1664041498.0516083, "_runtime": 5.766144275665283, "_step": 0, "_wandb": {"runtime": 5}}