{"test/loss": 40.00238800048828, "_timestamp": 1664133098.9372232, "_runtime": 7.696059226989746, "_step": 0, "_wandb": {"runtime": 7}}