{"test/loss": 40.00238800048828, "_timestamp": 1664043487.147615, "_runtime": 5.178109884262085, "_step": 0, "_wandb": {"runtime": 4}}