{"test/loss": 40.00238800048828, "_timestamp": 1664059522.390789, "_runtime": 5.12129807472229, "_step": 0, "_wandb": {"runtime": 5}}