{"validation/loss": 0.6599005460739136, "_timestamp": 1663810321.4089665, "_runtime": 5.412785530090332, "_step": 3, "train/loss": 1.0389424562454224, "_wandb": {"runtime": 5}}