{"validation/loss": 1.2346359491348267, "_timestamp": 1663893941.302339, "_runtime": 5.548918008804321, "_step": 3, "train/loss": 0.8065427541732788, "_wandb": {"runtime": 5}}