{"test/loss": 40.00238800048828, "_timestamp": 1664040428.425163, "_runtime": 5.2241411209106445, "_step": 0, "_wandb": {"runtime": 4}}