{"validation/loss": 0.7024495601654053, "_timestamp": 1663636261.6733031, "_runtime": 5.4291160106658936, "_step": 3, "train/loss": 1.1190333366394043, "_wandb": {"runtime": 5}}