{"test/loss": 40.00238800048828, "_timestamp": 1664046717.4666626, "_runtime": 5.357065677642822, "_step": 0, "_wandb": {"runtime": 4}}