{"validation/loss": 1.5226259231567383, "_timestamp": 1663892749.0021796, "_runtime": 6.255196571350098, "_step": 3, "train/loss": 2.1371612548828125, "_wandb": {"runtime": 6}}