{"test/loss": 40.00238800048828, "_timestamp": 1664039655.0768673, "_runtime": 5.00897741317749, "_step": 0, "_wandb": {"runtime": 4}}