{"test/loss": 40.00238800048828, "_timestamp": 1664046148.822135, "_runtime": 5.140377044677734, "_step": 0, "_wandb": {"runtime": 4}}