{"test/loss": 40.00238800048828, "_timestamp": 1664047347.054468, "_runtime": 5.059460878372192, "_step": 0, "_wandb": {"runtime": 4}}