{"validation/loss": 0.7064737677574158, "_timestamp": 1663961548.5216403, "_runtime": 6.252074241638184, "_step": 5, "train/loss": 0.164033442735672, "_wandb": {"runtime": 6}}