{"test/loss": 40.00238800048828, "_timestamp": 1664044337.5428343, "_runtime": 5.048916339874268, "_step": 0, "_wandb": {"runtime": 4}}