{"validation/loss": 0.7596056461334229, "_timestamp": 1663814823.0679765, "_runtime": 5.231433391571045, "_step": 3, "train/loss": 1.4110932350158691, "_wandb": {"runtime": 5}}