{"test/loss": 40.00238800048828, "_timestamp": 1664047512.284359, "_runtime": 5.171954870223999, "_step": 0, "_wandb": {"runtime": 4}}