{"test/loss": 40.00238800048828, "_timestamp": 1664041465.6950219, "_runtime": 5.273306846618652, "_step": 0, "_wandb": {"runtime": 4}}