{"validation/loss": 0.7289754152297974, "_timestamp": 1663810402.464469, "_runtime": 5.255859851837158, "_step": 3, "train/loss": 1.6365892887115479, "_wandb": {"runtime": 5}}