{"test/loss": 17.890310287475586, "_timestamp": 1664037867.2791324, "_runtime": 7.170534372329712, "_step": 20, "_wandb": {"runtime": 6}}