{"test/loss": 40.00238800048828, "_timestamp": 1664040497.4827292, "_runtime": 5.065214157104492, "_step": 0, "_wandb": {"runtime": 4}}