{"validation/loss": 0.7510632276535034, "_timestamp": 1663963533.7124362, "_runtime": 6.35791015625, "_step": 5, "train/loss": 0.19115912914276123, "_wandb": {"runtime": 6}}