{"validation/loss": 0.7118673324584961, "_timestamp": 1663808100.5926316, "_runtime": 7.306796550750732, "_step": 3, "train/loss": 1.01566743850708, "_wandb": {"runtime": 7}}