{"validation/loss": 0.6980169415473938, "_timestamp": 1663960694.7752016, "_runtime": 6.329815626144409, "_step": 5, "train/loss": 0.13499578833580017, "_wandb": {"runtime": 6}}