{"test/loss": 40.00238800048828, "_timestamp": 1664045974.9510381, "_runtime": 5.068088054656982, "_step": 0, "_wandb": {"runtime": 4}}