{"test/loss": 0.6509406566619873, "_timestamp": 1663894325.4881613, "_runtime": 6.373927354812622, "_step": 20, "_wandb": {"runtime": 6}}