{"test/loss": 40.00238800048828, "_timestamp": 1664046609.3561854, "_runtime": 5.065322399139404, "_step": 0, "_wandb": {"runtime": 4}}