{"test/loss": 40.00238800048828, "_timestamp": 1664047779.5216172, "_runtime": 5.207362174987793, "_step": 0, "_wandb": {"runtime": 4}}