{"test/loss": 40.00238800048828, "_timestamp": 1664046353.602565, "_runtime": 5.105637073516846, "_step": 0, "_wandb": {"runtime": 4}}