{"validation/loss": 1.3365967273712158, "_timestamp": 1663966718.367408, "_runtime": 5.031496047973633, "_step": 1, "_wandb": {"runtime": 5}}