{"test/loss": 40.00238800048828, "_timestamp": 1664046487.382535, "_runtime": 5.062360048294067, "_step": 0, "_wandb": {"runtime": 4}}