{"test/loss": 0.6509406566619873, "_timestamp": 1663893958.850332, "_runtime": 6.233163118362427, "_step": 20, "_wandb": {"runtime": 5}}