{"test/loss": 40.00238800048828, "_timestamp": 1664042022.5611765, "_runtime": 5.075886487960815, "_step": 0, "_wandb": {"runtime": 4}}