{"test/loss": 40.00238800048828, "_timestamp": 1664042511.0820305, "_runtime": 5.093893527984619, "_step": 0, "_wandb": {"runtime": 4}}