{"validation/loss": 0.005799560807645321, "_timestamp": 1663631824, "_runtime": 571, "_step": 2059, "train/loss": 0.003965298179537058, "_wandb": {"runtime": 573}}