{"test/loss": 40.00238800048828, "_timestamp": 1664039472.5415819, "_runtime": 4.987196922302246, "_step": 0, "_wandb": {"runtime": 4}}